league,date,Blue,Red,winner,BT,BTC,BTK,BTD,BTA,BTCS,BTG,BJ,BJC,BJK,BJD,BJA,BJCS,BJG,BM,BMC,BMK,BMD,BMA,BMCS,BMG,BA,BAC,BAK,BAD,BAA,BACS,BAG,BS,BSC,BSK,BSD,BSA,BSCS,BSG,RT,RTC,RTK,RTD,RTA,RTCS,RTG,RJ,RJC,RJK,RJD,RJA,RJCS,RJG,RM,RMC,RMK,RMD,RMA,RMCS,RMG,RA,RAC,RAK,RAD,RAA,RACS,RAG,RS,RSC,RSK,RSD,RSA,RSCS,RSG
2013LCKWINTER,2012-11-09,Xenics Storm,Azubu Frost,1,May (Kang Han-wool),Shen,5,3,8,351.0,,Nolja,Dr. Mundo,3,6,9,165.0,,Cornsalad,Twisted Fate,4,4,6,424.0,,SBs,Ezreal,3,1,7,388.0,,ManyReason,Zyra,0,2,8,30.0,,Shy,Singed,2,4,7,301.0,,CloudTemplar,Cho'Gath,4,3,8,213.0,,RapidStar,Anivia,4,3,8,387.0,,Woong (Jang Gun-woong),Kog'Maw,6,4,6,319.0,,MadLife,Sona,0,2,13,58.0,
2013LCKWINTER,2012-11-09,Azubu Frost,Xenics Storm,1,Shy,Jax,4,1,7,184.0,,CloudTemplar,Shen,1,0,18,141.0,,RapidStar,Diana,4,0,14,249.0,,Woong (Jang Gun-woong),Corki,9,2,6,224.0,,MadLife,Zyra,3,2,14,53.0,,May (Kang Han-wool),Vladimir,1,2,2,158.0,,Nolja,Rengar,1,7,4,103.0,,Cornsalad,Orianna,1,4,4,242.0,,SBs,Ezreal,2,4,2,191.0,,ManyReason,Blitzcrank,0,4,4,6.0,
2013LCKWINTER,2012-11-10,Incredible Miracle,KT Rolster A,1,Lilac (Jeon Ho-jin),Malphite,5,2,12,188.0,,Ring Troll,Lee Sin,5,0,11,124.0,,MidKing,Orianna,4,3,12,329.0,,Paragon,Corki,4,1,6,326.0,,Lasha,Leona,2,3,10,25.0,,Vitamin,Rumble,2,4,5,185.0,,Joono,Dr. Mundo,0,7,7,181.0,,Zero (Yoon Kyung-sup),Ahri,5,3,2,295.0,,Hiro (Lee Woo-suk),Ezreal,2,3,5,286.0,,Wall,Sona,0,3,7,23.0,
2013LCKWINTER,2012-11-10,KT Rolster A,Incredible Miracle,1,Vitamin,Jayce,4,4,7,197.0,,Joono,Lee Sin,0,3,16,114.0,,Zero (Yoon Kyung-sup),Cassiopeia,8,4,6,188.0,,Hiro (Lee Woo-suk),Corki,5,3,8,325.0,,Wall,Sona,3,3,14,17.0,,Lilac (Jeon Ho-jin),Rengar,4,5,4,173.0,,Ring Troll,Nocturne,2,3,6,128.0,,MidKing,Karthus,7,6,6,295.0,,Paragon,Ezreal,4,3,9,308.0,,Lasha,Leona,0,3,11,11.0,
2013LCKWINTER,2012-11-13,MVP White,NaJin Shield,0,Homme,Irelia,2,2,0,,,DanDy,Lee Sin,0,5,1,,,Mima,Orianna,0,3,2,,,Imp,Graves,0,2,0,,,SmallBrain,Zyra,0,4,0,,,Expession,Jax,8,0,0,,,MOKUZA,Rengar,2,2,6,,,HooN (Kim Nam-hoon),Twisted Fate,5,0,6,,,Bang,Ezreal,1,0,5,,,ViNylCat,Lulu,0,0,9,,
2013LCKWINTER,2012-11-13,NaJin Shield,MVP White,0,Expession,Jayce,1,2,0,,,MOKUZA,Rengar,1,3,1,,,HooN (Kim Nam-hoon),Ziggs,0,3,1,,,Bang,Varus,1,2,0,,,ViNylCat,Zyra,0,4,1,,,Homme,Irelia,4,1,6,,,DanDy,Skarner,2,1,8,,,Mima,Katarina,5,0,5,,,Imp,Ezreal,2,0,4,,,SmallBrain,Sona,1,1,4,,
2013LCKWINTER,2012-11-14,Team OP,KT Rolster A,1,May (Kang Han-wool),Malphite,1,4,14,,,Nolja,Rengar,4,1,10,,,Cornsalad,Karthus,6,6,10,,,SBs,Ezreal,8,3,10,,,ManyReason,Lulu,1,1,16,,,Vitamin,Jayce,2,3,13,,,Joono,Nocturne,3,5,8,,,Zero (Yoon Kyung-sup),Ahri,4,5,8,,,Hiro (Lee Woo-suk),Graves,6,4,4,,,Wall,Sona,0,3,13,,
2013LCKWINTER,2012-11-14,KT Rolster A,Team OP,1,Vitamin,Olaf,4,3,14,,,Joono,Skarner,3,3,15,,,Zero (Yoon Kyung-sup),Diana,3,2,12,,,Hiro (Lee Woo-suk),Ezreal,9,2,9,,,Wall,Blitzcrank,1,6,12,,,May (Kang Han-wool),Jayce,4,5,9,,,Nolja,Dr. Mundo,3,3,7,,,Cornsalad,Kassadin,3,6,6,,,SBs,Kog'Maw,4,5,10,,,ManyReason,Sona,1,3,13,,
2013LCKWINTER,2012-11-15,Azubu Frost,MVP White,1,Shy,Jayce,2,1,15,223.0,,CloudTemplar,Skarner,0,3,11,130.0,,RapidStar,Lux,8,1,10,225.0,,Woong (Jang Gun-woong),Corki,8,3,4,257.0,,MadLife,Zyra,1,2,14,53.0,,Homme,Irelia,2,5,1,199.0,,DanDy,Nocturne,0,3,8,167.0,,Mima,Twisted Fate,5,5,2,266.0,,Imp,Ezreal,3,1,1,268.0,,SmallBrain,Lulu,0,5,6,54.0,
2013LCKWINTER,2012-11-15,MVP White,Azubu Frost,0,Homme,Irelia,0,4,1,121.0,,DanDy,Skarner,1,2,2,86.0,,Mima,Vladimir,0,2,3,167.0,,Imp,Ezreal,2,2,0,170.0,,SmallBrain,Sona,1,4,2,7.0,,Shy,Rumble,3,1,6,155.0,,CloudTemplar,Shen,1,1,8,116.0,,RapidStar,Jayce,4,1,7,138.0,,Woong (Jang Gun-woong),Corki,5,1,6,139.0,,MadLife,Lulu,1,0,8,31.0,
2013LCKWINTER,2012-11-16,NaJin Shield,Incredible Miracle,1,Expession,Irelia,8,1,11,190.0,,MOKUZA,Nocturne,0,3,15,166.0,,HooN (Kim Nam-hoon),Diana,5,3,7,172.0,,Bang,Ezreal,8,0,9,247.0,,ViNylCat,Sona,0,3,15,18.0,,Lilac (Jeon Ho-jin),Shen,3,4,4,174.0,,Ring Troll,Udyr,1,5,8,113.0,,MidKing,Twisted Fate,4,4,5,206.0,,Paragon,Corki,1,3,5,242.0,,Lasha,Zyra,1,5,7,11.0,
2013LCKWINTER,2012-11-16,Incredible Miracle,NaJin Shield,1,Lilac (Jeon Ho-jin),Malphite,3,1,14,144.0,,Ring Troll,Cho'Gath,1,0,15,93.0,,MidKing,Diana,10,1,8,232.0,,Paragon,Ashe,6,1,8,201.0,,Lasha,Sona,0,1,14,22.0,,Expession,Olaf,2,5,1,158.0,,MOKUZA,Nocturne,0,5,3,107.0,,HooN (Kim Nam-hoon),Ryze,1,2,3,201.0,,Bang,Ezreal,1,3,3,180.0,,ViNylCat,Lulu,0,5,2,15.0,
2013LCKWINTER,2012-11-21,Team OP,NaJin Shield,0,May (Kang Han-wool),Singed,1,4,4,,,Nolja,Nocturne,1,5,4,,,Cornsalad,Orianna,1,4,3,,,SBs,Kog'Maw,3,5,2,,,ManyReason,Zyra,0,4,5,,,Expession,Irelia,4,3,7,,,MOKUZA,Olaf,5,0,9,,,HooN (Kim Nam-hoon),Diana,2,2,13,,,Bang,Graves,11,0,8,,,ViNylCat,Sona,0,1,20,,
2013LCKWINTER,2012-11-21,NaJin Shield,Team OP,0,Expession,Jax,1,3,4,,,MOKUZA,Nocturne,0,3,7,,,HooN (Kim Nam-hoon),Diana,3,5,4,,,Bang,Graves,6,4,2,,,ViNylCat,Sona,0,5,8,,,May (Kang Han-wool),Irelia,4,2,12,,,Nolja,Dr. Mundo,1,3,14,,,Cornsalad,Master Yi,9,1,6,,,SBs,Caitlyn,5,1,11,,,ManyReason,Zyra,1,3,15,,
2013LCKWINTER,2012-11-23,KT Rolster A,Azubu Frost,1,Vitamin,Olaf,5,3,9,,,Joono,Lee Sin,4,4,12,,,Zero (Yoon Kyung-sup),Zyra,7,3,11,,,Hiro (Lee Woo-suk),Ezreal,9,1,9,,,Wall,Lulu,0,4,16,,,Shy,Jax,4,2,5,,,CloudTemplar,Dr. Mundo,3,4,4,,,RapidStar,Jayce,4,7,4,,,Woong (Jang Gun-woong),Annie,2,9,6,,,MadLife,Brand,2,3,9,,
2013LCKWINTER,2012-11-23,Azubu Frost,KT Rolster A,1,Shy,Singed,5,2,9,,,CloudTemplar,Maokai,3,0,16,,,RapidStar,Twisted Fate,3,2,12,,,Woong (Jang Gun-woong),Corki,12,0,6,,,MadLife,Zyra,1,2,15,,,Vitamin,Jax,1,5,1,,,Joono,Nocturne,0,7,4,,,Zero (Yoon Kyung-sup),Orianna,3,4,2,,,Hiro (Lee Woo-suk),Ezreal,2,4,2,,,Wall,Lulu,0,4,4,,
2013LCKWINTER,2012-11-24,Incredible Miracle,MVP White,0,Lilac (Jeon Ho-jin),Jax,2,3,3,,,Ring Troll,Maokai,0,4,4,,,MidKing,Anivia,0,2,4,,,Paragon,Ashe,2,1,3,,,Lasha,Sona,1,2,2,,,Homme,Rengar,1,2,9,,,DanDy,Cho'Gath,3,1,7,,,Mima,Orianna,4,1,6,,,Imp,Caitlyn,4,0,6,,,SmallBrain,Lulu,0,1,8,,
2013LCKWINTER,2012-11-24,MVP White,Incredible Miracle,1,Homme,Olaf,3,4,5,,,DanDy,Cho'Gath,0,3,6,,,Mima,Anivia,4,1,5,,,Imp,Sivir,5,4,7,,,SmallBrain,Lulu,1,5,12,,,Lilac (Jeon Ho-jin),Vladimir,3,4,6,,,Ring Troll,Shyvana,4,2,9,,,MidKing,Orianna,7,1,7,,,Paragon,Ezreal,3,3,7,,,Lasha,Leona,0,3,5,,
2013LCKWINTER,2012-12-12,Team OP,MVP White,0,May (Kang Han-wool),Irelia,5,3,4,219.0,,Nolja,Dr. Mundo,3,2,5,168.0,,Cornsalad,Master Yi,2,3,5,262.0,,SBs,Ezreal,0,2,4,227.0,,ManyReason,Lulu,0,4,5,40.0,,Homme,Shen,1,3,9,179.0,,DanDy,Darius,1,2,9,149.0,,Mima,Karthus,7,5,4,230.0,,Imp,Caitlyn,4,0,8,298.0,,Ming9,Sona,1,0,11,25.0,
2013LCKWINTER,2012-12-12,MVP White,Team OP,1,Homme,Olaf,1,0,14,267.0,,DanDy,Darius,8,4,11,169.0,,Mima,Karthus,4,8,16,284.0,,Imp,Ezreal,12,2,7,309.0,,Ming9,Sona,1,2,19,35.0,,May (Kang Han-wool),Rumble,3,5,8,183.0,,Nolja,Maokai,3,6,10,119.0,,Cornsalad,Anivia,2,6,8,337.0,,SBs,Caitlyn,6,2,8,325.0,,ManyReason,Nunu,2,7,9,12.0,
2013LCKWINTER,2012-12-14,Incredible Miracle,Azubu Frost,1,Lilac (Jeon Ho-jin),Shen,7,4,13,222.0,,Ring Troll,Lee Sin,1,4,15,154.0,,MidKing,Ryze,3,5,11,351.0,,Paragon,Miss Fortune,7,4,11,286.0,,Lasha,Zyra,2,3,16,52.0,,Shy,Zed,5,3,7,343.0,,CloudTemplar,Amumu,6,4,10,218.0,,RapidStar,Diana,4,5,8,312.0,,Woong (Jang Gun-woong),Urgot,5,6,5,275.0,,MadLife,Taric,0,2,13,31.0,
2013LCKWINTER,2012-12-14,Azubu Frost,Incredible Miracle,1,Shy,Rengar,5,6,12,325.0,,CloudTemplar,Shen,1,3,15,241.0,,RapidStar,Katarina,10,6,8,264.0,,Woong (Jang Gun-woong),Ezreal,4,7,12,286.0,,MadLife,Lulu,4,2,12,52.0,,Lilac (Jeon Ho-jin),Evelynn,8,5,7,274.0,,Ring Troll,Amumu,1,3,11,149.0,,MidKing,Karthus,5,5,9,448.0,,Paragon,Miss Fortune,10,5,9,334.0,,Lasha,Zyra,0,6,18,75.0,
2013LCKWINTER,2012-12-15,KT Rolster A,NaJin Shield,1,Vitamin,Shen,4,3,13,309.0,,Joono,Nocturne,4,4,11,265.0,,Zero (Yoon Kyung-sup),Diana,10,4,6,435.0,,Hiro (Lee Woo-suk),Ezreal,3,3,12,433.0,,Wall,Zyra,1,2,13,43.0,,Expession,Irelia,1,6,7,324.0,,MOKUZA,Cho'Gath,3,4,9,191.0,,HooN (Kim Nam-hoon),Karthus,6,7,9,478.0,,Bang,Caitlyn,5,4,11,429.0,,ViNylCat,Nunu,1,1,14,33.0,
2013LCKWINTER,2012-12-15,NaJin Shield,KT Rolster A,0,Expession,Shen,1,3,1,144.0,,MOKUZA,Cho'Gath,0,1,3,106.0,,HooN (Kim Nam-hoon),Karthus,2,5,0,176.0,,Bang,Caitlyn,0,5,1,194.0,,ViNylCat,Nunu,1,4,0,12.0,,Vitamin,Irelia,5,1,3,178.0,,Joono,Nocturne,2,3,8,125.0,,Zero (Yoon Kyung-sup),Evelynn,4,0,5,178.0,,Hiro (Lee Woo-suk),Ezreal,5,0,6,177.0,,Wall,Zyra,2,0,9,23.0,
2013LCKWINTER,2012-12-19,Incredible Miracle,Team OP,1,Lilac (Jeon Ho-jin),Darius,4,2,6,,,Ring Troll,Shen,1,0,11,,,MidKing,Karthus,4,2,8,,,Paragon,Miss Fortune,4,1,6,,,Lasha,Zyra,2,1,10,,,May (Kang Han-wool),Riven,1,4,1,,,Nolja,Lee Sin,1,2,4,,,Cornsalad,Ahri,1,3,2,,,SBs,Graves,3,2,1,,,ManyReason,Sona,0,4,4,,
2013LCKWINTER,2012-12-19,Team OP,Incredible Miracle,0,May (Kang Han-wool),Nunu,1,1,2,,,Nolja,Jarvan IV,0,3,4,,,Cornsalad,Anivia,1,4,3,,,SBs,Caitlyn,3,5,2,,,ManyReason,Zyra,0,5,3,,,Lilac (Jeon Ho-jin),Rumble,1,1,10,,,Ring Troll,Lee Sin,3,3,3,,,MidKing,Jayce,7,0,4,,,Paragon,Ezreal,6,0,8,,,Lasha,Sona,1,1,11,,
2013LCKWINTER,2012-12-21,Azubu Frost,NaJin Shield,1,Shy,Jax,3,2,4,,,CloudTemplar,Shen,1,1,8,,,RapidStar,Evelynn,3,2,4,,,Woong (Jang Gun-woong),Miss Fortune,4,0,5,,,MadLife,Sona,0,1,9,,,Expession,Lee Sin,3,0,3,,,MOKUZA,Shaco,1,3,4,,,HooN (Kim Nam-hoon),Twisted Fate,0,3,5,,,Bang,Ezreal,0,2,3,,,ViNylCat,Zyra,2,3,2,,
2013LCKWINTER,2012-12-21,NaJin Shield,Azubu Frost,0,Expession,Irelia,0,3,1,,,MOKUZA,Olaf,0,2,0,,,HooN (Kim Nam-hoon),Orianna,2,2,0,,,Bang,Graves,0,4,1,,,ViNylCat,Lulu,0,4,1,,,Shy,Jax,5,1,3,,,CloudTemplar,Shen,1,0,5,,,RapidStar,Karthus,4,1,8,,,Woong (Jang Gun-woong),Miss Fortune,4,0,7,,,MadLife,Sona,1,0,11,,
2013LCKWINTER,2012-12-22,MVP White,KT Rolster A,0,Homme,Lee Sin,1,7,13,,,DanDy,Kha'Zix,11,6,8,,,Mima,Karthus,3,10,18,,,Imp,Caitlyn,18,2,9,,,Ming9,Nunu,1,1,24,,,Vitamin,Rumble,6,6,15,,,Joono,Cho'Gath,3,8,16,,,Zero (Yoon Kyung-sup),Jayce,7,5,15,,,Hiro (Lee Woo-suk),Ezreal,7,8,13,,,Wall,Zyra,3,7,19,,
2013LCKWINTER,2012-12-22,KT Rolster A,MVP White,0,Vitamin,Rengar,4,6,4,,,Joono,Nocturne,1,10,3,,,Zero (Yoon Kyung-sup),Lux,2,3,6,,,Hiro (Lee Woo-suk),Ezreal,2,3,4,,,Wall,Zyra,0,6,6,,,Homme,Lee Sin,5,3,14,,,DanDy,Cho'Gath,5,1,13,,,Mima,Ahri,4,2,17,,,Imp,Ashe,9,1,17,,,Ming9,Sona,5,2,22,,
2013LCKWINTER,2012-11-09,CJ Entus,GSG,1,LongPanda,Vladimir,2,4,10,240.0,,InSec,Lee Sin,2,4,10,167.0,,Dade,Ziggs,3,3,11,332.0,,Space,Ashe,12,3,5,253.0,,Kish,Sona,1,6,15,13.0,,Acorn,Irelia,5,4,5,256.0,,Heart,Amumu,0,6,10,154.0,,Easyhoon,Orianna,7,4,10,293.0,,Clear (Kim Jae-yeol),Ezreal,8,1,8,281.0,,PoohManDu,Leona,0,5,14,20.0,
2013LCKWINTER,2012-11-09,GSG,CJ Entus,0,Acorn,Vladimir,0,3,2,,,Heart,Maokai,1,7,2,,,Easyhoon,Ryze,0,4,2,,,Clear (Kim Jae-yeol),Varus,2,4,2,,,PoohManDu,Zyra,1,6,3,,,LongPanda,Olaf,9,0,6,,,InSec,Lee Sin,5,2,10,,,Dade,Twisted Fate,6,0,10,,,Space,Kog'Maw,2,1,7,,,Kish,Nunu,2,1,6,,
2013LCKWINTER,2012-11-10,NaJin Sword,Azubu Blaze,0,MakNooN,Jax,2,6,5,182.0,,Watch,Lee Sin,2,4,6,90.0,,SSONG,Karthus,6,4,6,301.0,,PraY,Ezreal,3,4,8,260.0,,Cain,Alistar,1,4,6,14.0,,Flame,Irelia,5,4,11,260.0,,Helios (Shin Dong-jin),Nocturne,3,4,10,152.0,,Ambition,Diana,10,3,9,280.0,,Cpt Jack,Vayne,2,3,7,250.0,,Lustboy,Lulu,2,0,16,48.0,
2013LCKWINTER,2012-11-10,Azubu Blaze,NaJin Sword,1,Flame,Jayce,3,4,9,255.0,,Helios (Shin Dong-jin),Nocturne,1,5,10,159.0,,Ambition,Karthus,3,4,10,286.0,,Cpt Jack,Vayne,7,3,4,315.0,,Lustboy,Zyra,1,3,10,36.0,,MakNooN,Malphite,5,3,7,178.0,,Watch,Lee Sin,3,2,9,109.0,,SSONG,Katarina,7,5,6,238.0,,PraY,Ezreal,4,2,5,352.0,,Cain,Lulu,0,3,9,49.0,
2013LCKWINTER,2012-11-13,MVP Blue,KT Rolster B,0,KangQui,Jarvan IV,2,5,4,,,NoFe,Shyvana,1,5,5,,,SunChip,Vladimir,1,5,1,,,Hermes,Vayne,2,5,1,,,Bust,Nunu,0,3,5,,,Ragan,Irelia,5,3,13,,,KaKAO,Maokai,1,1,21,,,Ryu,Katarina,8,1,13,,,Score,Corki,7,0,12,,,Mafa,Lulu,2,1,20,,
2013LCKWINTER,2012-11-13,KT Rolster B,MVP Blue,1,Ragan,Olaf,4,1,12,,,KaKAO,Maokai,4,2,14,,,Ryu,Ahri,7,2,9,,,Score,Graves,5,1,6,,,Mafa,Sona,1,2,10,,,KangQui,Malphite,2,4,3,,,NoFe,Shen,1,5,4,,,SunChip,Orianna,0,7,5,,,Hermes,Ezreal,4,2,2,,,Bust,Zyra,1,3,4,,
2013LCKWINTER,2012-11-14,GSG,NaJin Sword,0,Acorn,Shen,2,4,5,,,Heart,Amumu,1,6,6,,,Easyhoon,Katarina,2,3,6,,,Clear (Kim Jae-yeol),Kog'Maw,1,4,2,,,PoohManDu,Lulu,3,4,3,,,MakNooN,Irelia,1,6,15,,,Watch,Maokai,2,1,17,,,SSONG,Anivia,8,1,12,,,PraY,Ezreal,7,0,12,,,Cain,Sona,3,1,17,,
2013LCKWINTER,2012-11-14,NaJin Sword,GSG,1,MakNooN,Jayce,2,3,5,,,Watch,Skarner,3,0,9,,,SSONG,Evelynn,8,4,6,,,PraY,Kog'Maw,4,1,11,,,Cain,Sona,2,1,12,,,Acorn,Irelia,1,3,1,,,Heart,Shen,1,4,5,,,Easyhoon,Syndra,4,4,0,,,Clear (Kim Jae-yeol),Ezreal,3,5,2,,,PoohManDu,Leona,0,3,5,,
2013LCKWINTER,2012-11-15,Azubu Blaze,KT Rolster B,0,Flame,Jayce,3,5,3,311.0,,Helios (Shin Dong-jin),Lee Sin,1,4,5,137.0,,Ambition,Orianna,2,5,4,419.0,,Cpt Jack,Vayne,2,3,3,373.0,,Lustboy,Zyra,2,5,7,52.0,,Ragan,Olaf,3,2,9,318.0,,KaKAO,Cho'Gath,3,2,11,130.0,,Ryu,Diana,7,2,10,424.0,,Score,Graves,7,0,10,422.0,,Mafa,Janna,2,4,16,44.0,
2013LCKWINTER,2012-11-15,KT Rolster B,Azubu Blaze,1,Ragan,Olaf,8,3,4,249.0,,KaKAO,Lee Sin,2,2,11,134.0,,Ryu,Twisted Fate,3,2,12,318.0,,Score,Corki,6,1,6,308.0,,Mafa,Alistar,0,2,13,15.0,,Flame,Jax,1,4,2,262.0,,Helios (Shin Dong-jin),Dr. Mundo,2,4,2,156.0,,Ambition,Karthus,4,3,4,331.0,,Cpt Jack,Ezreal,3,5,3,290.0,,Lustboy,Lulu,0,3,6,33.0,
2013LCKWINTER,2012-11-16,MVP Blue,CJ Entus,0,KangQui,Vladimir,3,6,16,351.0,,NoFe,Nocturne,1,4,13,228.0,,SunChip,Karthus,7,9,14,378.0,,Hermes,Caitlyn,10,2,6,559.0,,Bust,Zyra,4,5,13,69.0,,LongPanda,Irelia,2,7,13,246.0,,InSec,Rengar,7,9,11,268.0,,Dade,Orianna,6,3,15,417.0,,Space,Ezreal,8,3,12,405.0,,Kish,Sona,3,3,20,24.0,
2013LCKWINTER,2012-11-16,CJ Entus,MVP Blue,1,LongPanda,Olaf,2,2,12,213.0,,InSec,Rengar,4,4,8,211.0,,Dade,Twisted Fate,5,4,10,315.0,,Space,Ashe,4,5,12,236.0,,Kish,Zyra,6,3,9,25.0,,KangQui,Shen,3,5,8,237.0,,NoFe,Cho'Gath,5,2,11,174.0,,SunChip,Ahri,4,5,6,217.0,,Hermes,Ezreal,6,4,8,320.0,,Bust,Leona,0,5,9,36.0,
2013LCKWINTER,2012-11-21,NaJin Sword,KT Rolster B,0,MakNooN,Malphite,4,7,9,,,Watch,Lee Sin,1,5,16,,,SSONG,Twisted Fate,7,6,7,,,PraY,Ezreal,5,4,8,,,Cain,Sona,4,2,11,,,Ragan,Irelia,4,5,11,,,KaKAO,Maokai,1,4,17,,,Ryu,Karthus,4,9,8,,,Score,Corki,14,0,9,,,Mafa,Blitzcrank,0,3,14,,
2013LCKWINTER,2012-11-21,KT Rolster B,NaJin Sword,1,Ragan,Jax,2,1,6,,,KaKAO,Cho'Gath,3,1,9,,,Ryu,Diana,3,4,7,,,Score,Corki,5,0,5,,,Mafa,Taric,0,3,10,,,MakNooN,Irelia,3,3,3,,,Watch,Lee Sin,0,2,7,,,SSONG,Zyra,3,4,5,,,PraY,Vayne,3,2,3,,,Cain,Sona,0,2,6,,
2013LCKWINTER,2012-11-23,Azubu Blaze,CJ Entus,1,Flame,Jax,6,2,6,,,Helios (Shin Dong-jin),Olaf,4,3,8,,,Ambition,Orianna,7,3,10,,,Cpt Jack,Vayne,5,3,6,,,Lustboy,Lulu,2,3,17,,,LongPanda,Vladimir,3,6,5,,,InSec,Shaco,3,2,4,,,Dade,Twisted Fate,2,2,6,,,Space,Caitlyn,1,6,6,,,Kish,Zyra,5,8,4,,
2013LCKWINTER,2012-11-23,CJ Entus,Azubu Blaze,0,LongPanda,Jax,5,7,1,,,InSec,Amumu,0,7,12,,,Dade,Vladimir,2,4,8,,,Space,Kog'Maw,7,4,4,,,Kish,Lulu,1,6,9,,,Flame,Shen,5,2,19,,,Helios (Shin Dong-jin),Olaf,8,2,11,,,Ambition,Ziggs,6,2,12,,,Cpt Jack,Tristana,8,4,12,,,Lustboy,Zyra,1,5,20,,
2013LCKWINTER,2012-11-24,MVP Blue,GSG,1,KangQui,Singed,0,2,14,,,NoFe,Skarner,0,1,13,,,SunChip,Orianna,12,3,5,,,Hermes,Sivir,6,3,9,,,Bust,Lulu,0,4,16,,,Acorn,Shen,3,0,6,,,Heart,Cho'Gath,0,5,9,,,Easyhoon,Syndra,4,4,2,,,Clear (Kim Jae-yeol),Corki,3,3,7,,,PoohManDu,Blitzcrank,3,6,6,,
2013LCKWINTER,2012-11-24,GSG,MVP Blue,1,Acorn,Vladimir,7,3,8,,,Heart,Nocturne,1,2,6,,,Easyhoon,Karthus,9,3,14,,,Clear (Kim Jae-yeol),Miss Fortune,10,2,10,,,PoohManDu,Blitzcrank,1,2,13,,,KangQui,Rengar,0,6,5,,,NoFe,Lee Sin,1,4,3,,,SunChip,Lux,5,6,4,,,Hermes,Twitch,6,7,2,,,Bust,Leona,0,5,6,,
2013LCKWINTER,2012-12-12,CJ Entus,NaJin Sword,0,LongPanda,Jax,3,5,1,,,InSec,Amumu,1,3,4,,,Dade,Twisted Fate,2,3,6,,,Space,Ezreal,3,3,2,,,Kish,Sona,0,2,5,,,MakNooN,Irelia,4,4,9,,,Watch,Cho'Gath,3,1,8,,,SSONG,Diana,4,2,6,,,PraY,Caitlyn,4,2,8,,,Cain,Nunu,1,1,12,,
2013LCKWINTER,2012-12-12,NaJin Sword,CJ Entus,1,MakNooN,Rengar,6,3,2,,,Watch,Cho'Gath,2,0,11,,,SSONG,Orianna,2,0,8,,,PraY,Caitlyn,4,0,4,,,Cain,Lulu,1,1,9,,,LongPanda,Vladimir,2,2,0,,,InSec,Xin Zhao,0,7,3,,,Dade,Ezreal,0,2,0,,,Space,Corki,2,2,1,,,Kish,Janna,0,2,3,,
2013LCKWINTER,2012-12-14,MVP Blue,Azubu Blaze,0,KangQui,Pantheon,3,8,8,166.0,,NoFe,Cho'Gath,2,3,12,176.0,,SunChip,Vladimir,8,7,6,237.0,,Hermes,Sivir,8,5,12,368.0,,Bust,Blitzcrank,0,3,14,47.0,,Flame,Irelia,11,4,10,251.0,,Helios (Shin Dong-jin),Nocturne,1,3,16,224.0,,Ambition,Twisted Fate,6,5,13,343.0,,Cpt Jack,Caitlyn,4,5,14,286.0,,Lustboy,Sona,3,4,20,30.0,
2013LCKWINTER,2012-12-14,Azubu Blaze,MVP Blue,1,Flame,Olaf,7,1,9,213.0,,Helios (Shin Dong-jin),Nocturne,3,2,9,174.0,,Ambition,Evelynn,5,3,11,201.0,,Cpt Jack,Urgot,4,2,9,171.0,,Lustboy,Taric,1,1,16,10.0,,KangQui,Kayle,2,3,5,170.0,,NoFe,Jarvan IV,1,5,6,100.0,,SunChip,Talon,2,3,3,160.0,,Hermes,Kog'Maw,4,4,4,159.0,,Bust,Nunu,0,5,2,7.0,
2013LCKWINTER,2012-12-15,GSG,KT Rolster B,0,Acorn,Lee Sin,7,9,14,,,Heart,Shen,1,4,20,,,Easyhoon,Karthus,5,9,9,,,Clear (Kim Jae-yeol),Urgot,7,5,8,,,PoohManDu,LeBlanc,6,5,13,,,Ragan,Irelia,4,7,18,,,KaKAO,Amumu,3,8,14,,,Ryu,Diana,13,1,12,,,Score,Ezreal,10,4,17,,,Mafa,Blitzcrank,2,6,20,,
2013LCKWINTER,2012-12-15,KT Rolster B,GSG,1,Ragan,Rengar,6,2,8,260.0,,KaKAO,Nocturne,1,3,11,219.0,,Ryu,Twisted Fate,7,2,7,249.0,,Score,Ezreal,5,1,8,239.0,,Mafa,Leona,1,4,11,28.0,,Acorn,Lee Sin,4,5,1,222.0,,Heart,Olaf,2,3,7,136.0,,Easyhoon,Katarina,3,7,3,179.0,,Clear (Kim Jae-yeol),Caitlyn,2,2,3,246.0,,PoohManDu,Lux,0,3,5,48.0,
2013LCKWINTER,2012-12-19,MVP Blue,NaJin Sword,1,KangQui,Shen,2,0,18,,,NoFe,Cho'Gath,1,2,15,,,SunChip,Pantheon,4,5,13,,,Hermes,Twitch,17,3,3,,,Bust,Lulu,1,1,23,,,MakNooN,Rumble,3,6,4,,,Watch,Olaf,2,6,5,,,SSONG,Jayce,3,4,5,,,PraY,Ezreal,2,5,5,,,Cain,Zyra,1,4,8,,
2013LCKWINTER,2012-12-19,NaJin Sword,MVP Blue,1,MakNooN,Olaf,0,2,0,,,Watch,Shyvana,0,3,4,,,SSONG,Ahri,1,2,2,,,PraY,Ezreal,7,2,1,,,Cain,Lulu,1,1,6,,,KangQui,Shen,2,0,8,,,NoFe,Cho'Gath,1,2,6,,,SunChip,Mordekaiser,5,1,2,,,Hermes,Graves,2,3,4,,,Bust,Zyra,0,3,7,,
2013LCKWINTER,2012-12-21,GSG,Azubu Blaze,0,Clear (Kim Jae-yeol),Singed,2,5,6,,,Heart,Olaf,2,8,7,,,Easyhoon,Twisted Fate,1,6,7,,,Acorn,Ezreal,7,4,3,,,PoohManDu,LeBlanc,2,4,7,,,Flame,Darius,8,3,9,,,Helios (Shin Dong-jin),Nocturne,1,1,16,,,Ambition,Evelynn,14,4,9,,,Cpt Jack,Miss Fortune,3,3,16,,,Lustboy,Sona,1,3,23,,
2013LCKWINTER,2012-12-21,Azubu Blaze,GSG,1,Flame,Shen,4,3,10,,,Helios (Shin Dong-jin),Cho'Gath,5,4,7,,,Ambition,Teemo,4,0,10,,,Cpt Jack,Jayce,4,2,7,,,Lustboy,Lux,3,1,12,,,Acorn,Rumble,4,1,5,,,Heart,Nocturne,1,7,5,,,Easyhoon,Orianna,1,1,7,,,Clear (Kim Jae-yeol),Miss Fortune,3,4,4,,,PoohManDu,Lulu,1,5,8,,
2013LCKWINTER,2012-12-22,CJ Entus,KT Rolster B,0,LongPanda,Cho'Gath,1,5,2,,,InSec,Zed,2,5,1,,,Dade,Kha'Zix,0,7,1,,,Space,Caitlyn,1,2,0,,,Kish,Nunu,0,4,2,,,Ragan,Shen,2,2,14,,,KaKAO,Nocturne,5,1,6,,,Ryu,Evelynn,8,0,10,,,Score,Ezreal,8,1,9,,,Mafa,Taric,0,0,17,,
2013LCKWINTER,2012-12-22,KT Rolster B,CJ Entus,1,Ragan,Lee Sin,4,7,15,,,KaKAO,Fiddlesticks,6,2,11,,,Ryu,Talon,7,5,14,,,Score,Riven,10,3,15,,,Mafa,Jarvan IV,1,2,23,,,LongPanda,Olaf,5,5,5,,,InSec,Cho'Gath,7,9,5,,,Dade,Kha'Zix,2,8,4,,,Space,Caitlyn,5,2,6,,,Kish,Nunu,0,4,11,,
2013LCKWINTER,2012-12-05,MVP Blue,Incredible Miracle,0,KangQui,Vladimir,0,6,0,,,NoFe,Amumu,0,3,2,,,SunChip,Karthus,1,3,1,,,Hermes,Draven,2,3,2,,,Bust,Leona,1,3,2,,,Lilac (Jeon Ho-jin),Irelia,7,0,2,,,Ring Troll,Cho'Gath,1,1,9,,,MidKing,Anivia,5,0,6,,,Paragon,Ezreal,4,0,8,,,Lasha,Zyra,1,3,10,,
2013LCKWINTER,2012-12-05,Incredible Miracle,MVP Blue,1,Lilac (Jeon Ho-jin),Shen,2,1,10,,,Ring Troll,Lee Sin,7,1,7,,,MidKing,Twisted Fate,5,1,5,,,Paragon,Ezreal,4,3,9,,,Lasha,Zyra,2,4,11,,,KangQui,Malphite,1,4,2,,,NoFe,Nocturne,0,4,4,,,SunChip,Karthus,4,5,2,,,Hermes,Corki,4,5,3,,,Bust,Blitzcrank,1,3,5,,
2013LCKWINTER,2012-12-05,KT Rolster A,GSG,1,Vitamin,Olaf,4,2,9,,,Joono,Shyvana,0,1,9,,,Zero (Yoon Kyung-sup),Diana,10,1,5,,,Hiro (Lee Woo-suk),Ezreal,2,2,3,,,Wall,Leona,0,3,6,,,Acorn,Vladimir,2,4,3,,,Heart,Lee Sin,1,4,4,,,Easyhoon,Evelynn,5,2,4,,,Clear (Kim Jae-yeol),Vayne,1,2,3,,,PoohManDu,Blitzcrank,0,4,5,,
2013LCKWINTER,2012-12-05,GSG,KT Rolster A,1,Acorn,Irelia,5,1,2,,,Heart,Evelynn,2,2,11,,,Easyhoon,Ahri,3,2,8,,,Clear (Kim Jae-yeol),Ezreal,6,0,7,,,PoohManDu,Lulu,0,1,14,,,Vitamin,Rengar,1,5,0,,,Joono,Olaf,1,1,2,,,Zero (Yoon Kyung-sup),Syndra,3,3,3,,,Hiro (Lee Woo-suk),Caitlyn,1,3,3,,,Wall,Sona,0,4,4,,
2013LCKWINTER,2012-12-07,Team OP,NaJin Sword,0,May (Kang Han-wool),Olaf,3,2,0,,,Nolja,Shaco,1,0,1,,,Cornsalad,Ryze,0,2,2,,,SBs,Graves,0,3,1,,,ManyReason,Lulu,0,3,1,,,MakNooN,Rumble,1,2,3,,,Watch,Cho'Gath,1,1,5,,,SSONG,Jayce,5,1,3,,,PraY,Caitlyn,3,0,4,,,Cain,Nunu,0,0,7,,
2013LCKWINTER,2012-12-07,NaJin Sword,Team OP,1,MakNooN,Rumble,8,2,4,,,Watch,Cho'Gath,0,1,5,,,SSONG,Jayce,2,1,8,,,PraY,Caitlyn,3,1,6,,,Cain,Nunu,1,1,7,,,May (Kang Han-wool),Elise,3,2,2,,,Nolja,Dr. Mundo,2,4,1,,,Cornsalad,Viktor,0,3,4,,,SBs,Corki,1,2,4,,,ManyReason,Lulu,0,3,3,,
2013LCKWINTER,2012-12-07,CJ Entus,NaJin Shield,0,LongPanda,Jax,0,3,2,,,InSec,Cho'Gath,0,3,3,,,Dade,Orianna,1,6,2,,,Space,Ezreal,4,1,2,,,Kish,Zyra,1,3,5,,,Expession,Irelia,5,0,6,,,MOKUZA,Dr. Mundo,2,0,5,,,HooN (Kim Nam-hoon),Karthus,7,3,6,,,Bang,Caitlyn,2,2,4,,,ViNylCat,Nunu,0,1,8,,
2013LCKWINTER,2012-12-07,NaJin Shield,CJ Entus,1,Expession,Irelia,4,1,8,,,MOKUZA,Cho'Gath,1,3,15,,,HooN (Kim Nam-hoon),Orianna,8,0,7,,,Bang,Graves,4,0,6,,,ViNylCat,Sona,0,1,13,,,LongPanda,Jax,2,5,1,,,InSec,Amumu,0,7,4,,,Dade,Ziggs,1,1,3,,,Space,Corki,2,2,2,,,Kish,Zyra,0,2,4,,
2013LCKWINTER,2012-12-08,Azubu Blaze,MVP White,1,Flame,Jax,2,0,5,186.0,,Helios (Shin Dong-jin),Dr. Mundo,3,0,8,106.0,,Ambition,Evelynn,4,2,7,164.0,,Cpt Jack,Corki,7,2,5,172.0,,Lustboy,Nunu,3,0,11,34.0,,Homme,Irelia,2,5,1,133.0,,DanDy,Darius,1,4,1,123.0,,Mima,Vladimir,0,2,2,157.0,,Imp,Sivir,0,4,0,157.0,,Ming9,Zyra,1,4,1,12.0,
2013LCKWINTER,2012-12-08,MVP White,Azubu Blaze,1,Homme,Shen,4,0,12,197.0,,DanDy,Nocturne,3,0,17,176.0,,Mima,Orianna,4,1,10,200.0,,Imp,Graves,11,1,7,205.0,,Ming9,Sona,0,3,17,29.0,,Flame,Vladimir,1,3,1,235.0,,Helios (Shin Dong-jin),Amumu,1,7,1,82.0,,Ambition,Kha'Zix,1,3,3,213.0,,Cpt Jack,Ezreal,1,4,2,252.0,,Lustboy,Blitzcrank,1,5,2,16.0,
2013LCKWINTER,2012-12-08,Azubu Frost,KT Rolster B,0,Shy,Vayne,4,4,9,331.0,,CloudTemplar,Nunu,3,6,12,176.0,,RapidStar,Diana,5,7,6,306.0,,Woong (Jang Gun-woong),Corki,5,6,9,333.0,,MadLife,Leona,0,9,8,13.0,,Ragan,Irelia,4,5,14,255.0,,KaKAO,Cho'Gath,3,5,17,112.0,,Ryu,Mordekaiser,7,3,14,331.0,,Score,Ezreal,16,1,11,252.0,,Mafa,Lulu,2,3,19,38.0,
2013LCKWINTER,2012-12-08,KT Rolster B,Azubu Frost,0,Ragan,Rumble,0,3,0,,,KaKAO,Cho'Gath,0,3,0,,,Ryu,Jayce,0,2,0,,,Score,Caitlyn,0,3,0,,,Mafa,Nunu,0,3,0,,,Shy,Jax,3,0,3,,,CloudTemplar,Amumu,1,0,9,,,RapidStar,Katarina,5,0,7,,,Woong (Jang Gun-woong),Ezreal,3,0,11,,,MadLife,Sona,2,0,12,,
2013LCKWINTER,2012-12-26,CJ Entus,Azubu Frost,0,LongPanda,Olaf,4,5,1,173.0,,InSec,Lee Sin,1,4,5,151.0,,Dade,Twisted Fate,2,5,7,223.0,,Space,Ezreal,3,4,3,223.0,,Kish,Zyra,2,4,8,13.0,,Shy,Elise,6,3,7,203.0,,CloudTemplar,Amumu,1,2,11,186.0,,RapidStar,Nocturne,9,0,4,232.0,,Woong (Jang Gun-woong),Miss Fortune,4,4,9,180.0,,MadLife,Sona,1,3,15,26.0,
2013LCKWINTER,2012-12-26,Azubu Frost,CJ Entus,1,Shy,Zed,8,4,16,312.0,,CloudTemplar,Amumu,4,6,22,221.0,,RapidStar,Evelynn,14,3,12,228.0,,Woong (Jang Gun-woong),Ashe,6,6,19,291.0,,MadLife,Alistar,2,4,24,26.0,,LongPanda,Irelia,8,6,8,260.0,,InSec,Darius,6,7,10,183.0,,Dade,Ryze,6,5,11,316.0,,Space,Caitlyn,1,8,9,316.0,,Kish,Zyra,1,8,11,38.0,
2013LCKWINTER,2012-12-26,CJ Entus,Azubu Frost,1,LongPanda,Xin Zhao,4,2,6,134.0,,InSec,Zed,5,3,3,204.0,,Dade,Twisted Fate,2,5,6,250.0,,Space,Caitlyn,2,1,9,254.0,,Kish,Nunu,2,1,9,17.0,,Shy,Jax,3,2,5,183.0,,CloudTemplar,Amumu,1,4,7,118.0,,RapidStar,Katarina,4,4,4,200.0,,Woong (Jang Gun-woong),Miss Fortune,2,1,4,208.0,,MadLife,Zyra,2,4,5,38.0,
2013LCKWINTER,2012-12-26,Azubu Frost,CJ Entus,0,Shy,Rumble,2,5,3,176.0,,CloudTemplar,Olaf,0,4,3,129.0,,RapidStar,Jayce,3,4,0,166.0,,Woong (Jang Gun-woong),Miss Fortune,0,1,4,175.0,,MadLife,Sona,0,5,4,12.0,,LongPanda,Xin Zhao,3,0,12,122.0,,InSec,Amumu,3,2,10,122.0,,Dade,Lee Sin,9,0,6,196.0,,Space,Caitlyn,4,2,4,199.0,,Kish,Nunu,0,1,12,19.0,
2013LCKWINTER,2012-12-26,CJ Entus,Azubu Frost,0,LongPanda,Xin Zhao,2,10,15,170.0,,InSec,Zed,5,8,9,329.0,,Dade,Kha'Zix,13,3,7,431.0,,Space,Caitlyn,4,8,17,265.0,,Kish,Zyra,6,9,14,18.0,,Shy,Rengar,8,6,24,361.0,,CloudTemplar,Shen,10,3,25,364.0,,RapidStar,Evelynn,12,11,19,277.0,,Woong (Jang Gun-woong),Ashe,5,4,12,315.0,,MadLife,Sona,3,6,27,48.0,
2013LCKWINTER,2012-12-28,Incredible Miracle,Azubu Blaze,1,Lilac (Jeon Ho-jin),Rumble,7,3,10,179.0,,Ring Troll,Lee Sin,3,1,13,139.0,,MidKing,Jayce,9,1,10,247.0,,Paragon,Ezreal,3,4,15,235.0,,Lasha,Zyra,3,1,14,49.0,,Flame,Irelia,1,3,2,286.0,,Helios (Shin Dong-jin),Xin Zhao,2,9,2,147.0,,Ambition,LeBlanc,4,2,1,221.0,,Cpt Jack,Miss Fortune,3,4,4,333.0,,Lustboy,Sona,0,7,7,38.0,
2013LCKWINTER,2012-12-28,Azubu Blaze,Incredible Miracle,0,Flame,Olaf,3,6,2,184.0,,Helios (Shin Dong-jin),Nocturne,3,3,2,156.0,,Ambition,Diana,1,3,2,257.0,,Cpt Jack,Ashe,0,6,3,214.0,,Lustboy,Sona,0,4,2,19.0,,Lilac (Jeon Ho-jin),Lee Sin,8,2,8,168.0,,Ring Troll,Cho'Gath,0,2,9,124.0,,MidKing,Ryze,10,1,7,240.0,,Paragon,Miss Fortune,2,2,12,250.0,,Lasha,Taric,2,0,14,20.0,
2013LCKWINTER,2012-12-28,Incredible Miracle,Azubu Blaze,0,Lilac (Jeon Ho-jin),Darius,5,7,2,279.0,,Ring Troll,Lee Sin,1,3,4,146.0,,MidKing,Ziggs,1,3,4,372.0,,Paragon,Ezreal,2,2,3,343.0,,Lasha,Zyra,0,3,3,39.0,,Flame,Olaf,7,3,7,273.0,,Helios (Shin Dong-jin),Amumu,0,4,11,178.0,,Ambition,Nocturne,7,2,4,348.0,,Cpt Jack,Miss Fortune,3,0,8,365.0,,Lustboy,Lulu,1,0,9,70.0,
2013LCKWINTER,2012-12-28,Azubu Blaze,Incredible Miracle,1,Flame,Shen,8,0,14,271.0,,Helios (Shin Dong-jin),Amumu,1,2,16,118.0,,Ambition,Kha'Zix,4,2,12,307.0,,Cpt Jack,Miss Fortune,8,2,11,256.0,,Lustboy,Lulu,5,2,16,73.0,,Lilac (Jeon Ho-jin),Cho'Gath,3,5,4,206.0,,Ring Troll,Lee Sin,1,6,5,97.0,,MidKing,Diana,1,6,4,293.0,,Paragon,Ezreal,3,3,2,307.0,,Lasha,Sona,0,6,5,31.0,
2013LCKWINTER,2012-12-28,Incredible Miracle,Azubu Blaze,0,Lilac (Jeon Ho-jin),Rengar,2,3,2,215.0,,Ring Troll,Shen,2,1,3,139.0,,MidKing,Twisted Fate,1,3,5,291.0,,Paragon,Miss Fortune,2,6,3,234.0,,Lasha,Zyra,2,3,3,34.0,,Flame,Shen,2,1,13,221.0,,Helios (Shin Dong-jin),Amumu,5,2,3,135.0,,Ambition,Evelynn,3,2,7,275.0,,Cpt Jack,Miss Fortune,5,3,7,273.0,,Lustboy,Lulu,1,1,12,41.0,
2013LCKWINTER,2013-01-02,NaJin Sword,MVP White,1,MakNooN,Elise,7,3,10,212.0,,Watch,Amumu,0,4,8,130.0,,SSONG,Kayle,4,2,16,355.0,,PraY,Miss Fortune,7,3,11,313.0,,Cain,Sona,2,4,14,26.0,,Homme,Irelia,3,6,5,250.0,,DanDy,Cho'Gath,2,3,5,199.0,,Mima,Ryze,2,5,7,251.0,,Imp,Graves,4,2,4,392.0,,Ming9,LeBlanc,4,4,4,25.0,
2013LCKWINTER,2013-01-02,MVP White,NaJin Sword,0,Homme,Darius,2,3,4,267.0,,DanDy,Lee Sin,0,5,4,159.0,,Mima,Ziggs,5,3,1,386.0,,Imp,Varus,1,3,3,365.0,,Ming9,Sona,0,5,4,23.0,,MakNooN,Shen,3,3,14,244.0,,Watch,Amumu,1,2,13,139.0,,SSONG,Kha'Zix,5,2,6,354.0,,PraY,Miss Fortune,8,1,8,354.0,,Cain,Lulu,2,0,14,33.0,
2013LCKWINTER,2013-01-02,NaJin Sword,MVP White,1,MakNooN,Kha'Zix,5,2,3,293.0,,Watch,Xin Zhao,1,2,8,129.0,,SSONG,Kayle,4,0,7,274.0,,PraY,Ezreal,4,1,8,244.0,,Cain,Sona,2,2,10,35.0,,Homme,Lee Sin,1,2,4,298.0,,DanDy,Amumu,2,3,1,150.0,,Mima,Karthus,2,3,2,239.0,,Imp,Ashe,2,4,2,238.0,,Ming9,Lulu,0,4,5,18.0,
2013LCKWINTER,2013-01-04,KT Rolster A,KT Rolster B,0,Vitamin,Olaf,3,3,1,251.0,,Joono,Lee Sin,2,3,2,144.0,,Zero (Yoon Kyung-sup),Evelynn,0,3,4,268.0,,Hiro (Lee Woo-suk),Caitlyn,0,2,3,306.0,,Wall,Lulu,0,2,3,44.0,,Ragan,Shen,4,1,9,281.0,,KaKAO,Cho'Gath,2,1,5,140.0,,Ryu,Ryze,0,2,13,277.0,,Score,Ezreal,7,0,6,295.0,,Mafa,Taric,0,1,11,25.0,
2013LCKWINTER,2013-01-04,KT Rolster B,KT Rolster A,1,Ragan,Olaf,6,1,3,185.0,,KaKAO,Lee Sin,2,2,8,95.0,,Ryu,Diana,5,1,4,247.0,,Score,Graves,1,0,8,251.0,,Mafa,Lulu,0,1,11,25.0,,Vitamin,Irelia,1,4,2,169.0,,Joono,Amumu,1,3,3,95.0,,Zero (Yoon Kyung-sup),Orianna,2,3,0,222.0,,Hiro (Lee Woo-suk),Ezreal,1,2,0,222.0,,Wall,Sona,0,2,1,11.0,
2013LCKWINTER,2013-01-04,KT Rolster A,KT Rolster B,1,Vitamin,Renekton,3,2,11,201.0,,Joono,Evelynn,4,4,7,151.0,,Zero (Yoon Kyung-sup),Diana,2,2,8,240.0,,Hiro (Lee Woo-suk),Varus,5,4,9,212.0,,Wall,Lulu,3,3,9,24.0,,Ragan,Olaf,0,4,6,182.0,,KaKAO,Lee Sin,5,5,7,97.0,,Ryu,Jarvan IV,8,4,1,205.0,,Score,Ezreal,2,0,7,244.0,,Mafa,Alistar,0,4,10,17.0,
2013LCKWINTER,2013-01-04,KT Rolster B,KT Rolster A,1,Ragan,Shen,3,2,6,203.0,,KaKAO,Zed,0,2,3,158.0,,Ryu,Kha'Zix,7,0,3,202.0,,Score,Vayne,3,0,3,226.0,,Mafa,Nunu,1,1,6,15.0,,Vitamin,Renekton,1,4,2,177.0,,Joono,Shaco,0,4,3,92.0,,Zero (Yoon Kyung-sup),Zyra,1,3,1,227.0,,Hiro (Lee Woo-suk),Caitlyn,0,2,1,227.0,,Wall,LeBlanc,3,1,1,14.0,
2013LCKWINTER,2013-01-09,Azubu Frost,Azubu Blaze,0,Shy,Rumble,0,2,1,224.0,,CloudTemplar,Lee Sin,0,1,1,114.0,,RapidStar,Lux,1,2,0,216.0,,Woong (Jang Gun-woong),Ezreal,1,1,0,286.0,,MadLife,Alistar,0,2,2,41.0,,Flame,Elise,1,0,3,215.0,,Helios (Shin Dong-jin),Cho'Gath,0,0,5,116.0,,Ambition,Kayle,6,1,2,319.0,,Cpt Jack,Miss Fortune,1,1,5,313.0,,Lustboy,Taric,0,0,8,13.0,
2013LCKWINTER,2013-01-09,Azubu Blaze,Azubu Frost,0,Flame,Darius,3,4,2,238.0,,Helios (Shin Dong-jin),Cho'Gath,1,5,4,131.0,,Ambition,Kayle,4,5,4,262.0,,Cpt Jack,Miss Fortune,1,3,6,253.0,,Lustboy,Nami,1,3,7,24.0,,Shy,Irelia,6,1,10,221.0,,CloudTemplar,Nocturne,6,2,7,178.0,,RapidStar,Ahri,2,2,10,221.0,,Woong (Jang Gun-woong),Urgot,4,1,13,232.0,,MadLife,Taric,2,4,12,50.0,
2013LCKWINTER,2013-01-09,Azubu Frost,Azubu Blaze,1,Shy,Olaf,2,4,7,262.0,,CloudTemplar,Cho'Gath,2,4,9,141.0,,RapidStar,Ryze,4,0,9,291.0,,Woong (Jang Gun-woong),Miss Fortune,8,4,5,243.0,,MadLife,Blitzcrank,2,1,13,42.0,,Flame,Elise,5,2,4,208.0,,Helios (Shin Dong-jin),Xin Zhao,1,3,7,141.0,,Ambition,Syndra,1,5,7,297.0,,Cpt Jack,Vayne,5,4,5,256.0,,Lustboy,Sona,1,4,9,23.0,
2013LCKWINTER,2013-01-09,Azubu Blaze,Azubu Frost,1,Flame,Olaf,4,3,10,293.0,,Helios (Shin Dong-jin),Amumu,0,4,15,166.0,,Ambition,Ryze,5,4,8,473.0,,Cpt Jack,Caitlyn,9,4,7,566.0,,Lustboy,Nunu,2,3,13,47.0,,Shy,Kha'Zix,3,5,5,291.0,,CloudTemplar,Jarvan IV,2,3,13,167.0,,RapidStar,Karthus,3,6,10,330.0,,Woong (Jang Gun-woong),Graves,5,4,8,361.0,,MadLife,Lulu,5,2,8,66.0,
2013LCKWINTER,2013-01-09,Azubu Blaze,Azubu Frost,0,Flame,Shen,2,3,6,217.0,,Helios (Shin Dong-jin),Nocturne,3,5,6,145.0,,Ambition,Ryze,4,2,3,328.0,,Cpt Jack,Urgot,2,6,3,158.0,,Lustboy,Taric,0,2,9,25.0,,Shy,Olaf,8,1,3,257.0,,CloudTemplar,Shen,2,2,11,201.0,,RapidStar,Evelynn,2,3,8,201.0,,Woong (Jang Gun-woong),Miss Fortune,2,2,9,210.0,,MadLife,Blitzcrank,4,3,8,32.0,
2013LCKWINTER,2013-01-16,NaJin Sword,KT Rolster B,1,MakNooN,Kha'Zix,6,1,6,362.0,,Watch,Cho'Gath,0,1,10,128.0,,SSONG,Ryze,1,1,8,375.0,,PraY,Ezreal,6,0,5,375.0,,Cain,Leona,0,2,9,19.0,,Ragan,Renekton,1,4,3,307.0,,KaKAO,Nocturne,0,3,4,187.0,,Ryu,Evelynn,4,2,0,259.0,,Score,Graves,0,2,3,421.0,,Mafa,Taric,0,2,4,25.0,
2013LCKWINTER,2013-01-16,KT Rolster B,NaJin Sword,1,Ragan,Irelia,1,1,9,223.0,,KaKAO,Nocturne,2,2,6,180.0,,Ryu,Kha'Zix,7,1,8,284.0,,Score,Miss Fortune,5,0,7,321.0,,Mafa,Sona,1,0,12,19.0,,MakNooN,Elise,2,4,1,224.0,,Watch,Cho'Gath,1,1,2,146.0,,SSONG,Ryze,0,5,2,287.0,,PraY,Ezreal,1,3,2,282.0,,Cain,Alistar,0,3,2,15.0,
2013LCKWINTER,2013-01-16,NaJin Sword,KT Rolster B,1,MakNooN,Rumble,2,4,6,166.0,,Watch,Amumu,0,2,11,116.0,,SSONG,Evelynn,10,0,7,284.0,,PraY,Miss Fortune,6,2,8,308.0,,Cain,Leona,0,0,14,30.0,,Ragan,Irelia,3,5,1,179.0,,KaKAO,Nocturne,0,5,5,135.0,,Ryu,Ryze,1,4,3,304.0,,Score,Ezreal,4,1,3,281.0,,Mafa,Taric,0,3,6,15.0,
2013LCKWINTER,2013-01-16,KT Rolster B,NaJin Sword,0,Ragan,Renekton,3,2,5,350.0,,KaKAO,Nocturne,2,4,5,210.0,,Ryu,Kha'Zix,2,5,5,412.0,,Score,Ezreal,4,3,6,388.0,,Mafa,Leona,0,4,9,29.0,,MakNooN,Shen,0,1,18,390.0,,Watch,Amumu,2,1,15,167.0,,SSONG,Gragas,7,3,7,411.0,,PraY,Miss Fortune,9,2,7,364.0,,Cain,Taric,0,4,16,29.0,
2013LCKWINTER,2013-01-11,Azubu Blaze,Azubu Frost,1,Flame,Nidalee,4,2,4,493.0,,Helios (Shin Dong-jin),Olaf,1,6,8,216.0,,Ambition,Orianna,4,5,9,441.0,,Cpt Jack,Caitlyn,3,2,8,474.0,,Lustboy,Nunu,2,4,12,48.0,,Shy,Elise,5,2,5,414.0,,CloudTemplar,Jarvan IV,0,9,14,217.0,,RapidStar,Ahri,5,2,11,453.0,,Woong (Jang Gun-woong),Ezreal,8,0,7,541.0,,MadLife,Sona,1,1,14,52.0,
2013LCKWINTER,2013-01-11,Azubu Frost,Azubu Blaze,1,Shy,Rumble,2,1,10,220.0,,CloudTemplar,Cho'Gath,2,1,10,161.0,,RapidStar,Karthus,5,5,8,370.0,,Woong (Jang Gun-woong),Kog'Maw,5,2,7,253.0,,MadLife,Elise,1,1,6,25.0,,Flame,Irelia,0,4,4,260.0,,Helios (Shin Dong-jin),Amumu,1,3,5,123.0,,Ambition,Orianna,2,2,6,379.0,,Cpt Jack,Miss Fortune,7,4,0,294.0,,Lustboy,Lulu,0,2,6,30.0,
2013LCKWINTER,2013-01-11,Azubu Blaze,Azubu Frost,1,Flame,Olaf,9,3,8,209.0,,Helios (Shin Dong-jin),Cho'Gath,0,2,11,102.0,,Ambition,Twisted Fate,1,4,14,249.0,,Cpt Jack,Kog'Maw,9,2,4,190.0,,Lustboy,Nunu,1,2,8,21.0,,Shy,Zed,3,4,6,188.0,,CloudTemplar,Amumu,0,6,9,95.0,,RapidStar,Ryze,6,4,4,218.0,,Woong (Jang Gun-woong),Miss Fortune,4,2,4,185.0,,MadLife,Sona,0,4,11,31.0,
2013LCKWINTER,2013-01-11,Azubu Frost,Azubu Blaze,1,Shy,Irelia,6,2,6,213.0,,CloudTemplar,Nocturne,0,1,12,183.0,,RapidStar,Anivia,4,0,6,317.0,,Woong (Jang Gun-woong),Miss Fortune,4,1,9,205.0,,MadLife,Blitzcrank,1,2,12,17.0,,Flame,Darius,2,4,3,229.0,,Helios (Shin Dong-jin),Cho'Gath,0,1,4,141.0,,Ambition,Ryze,2,5,3,316.0,,Cpt Jack,Caitlyn,2,3,1,316.0,,Lustboy,Taric,0,2,4,32.0,
2013LCKWINTER,2013-01-11,Azubu Frost,Azubu Blaze,1,Shy,Olaf,5,0,5,232.0,,CloudTemplar,Shen,1,2,12,166.0,,RapidStar,Ryze,3,1,9,247.0,,Woong (Jang Gun-woong),Miss Fortune,5,3,7,167.0,,MadLife,Blitzcrank,2,0,8,26.0,,Flame,Shen,2,3,2,231.0,,Helios (Shin Dong-jin),Cho'Gath,0,3,4,118.0,,Ambition,Evelynn,2,4,3,218.0,,Cpt Jack,Kog'Maw,2,4,1,284.0,,Lustboy,Nunu,0,2,3,34.0,
2013LCKWINTER,2013-01-18,NaJin Sword,KT Rolster B,1,MakNooN,Kha'Zix,6,5,8,303.0,,Watch,Cho'Gath,0,4,7,125.0,,SSONG,Gragas,4,1,8,252.0,,PraY,Caitlyn,5,0,8,378.0,,Cain,Nunu,1,1,13,14.0,,Ragan,Irelia,4,1,4,275.0,,KaKAO,Amumu,0,6,5,151.0,,Ryu,Ahri,4,5,4,280.0,,Score,Miss Fortune,2,2,7,294.0,,Mafa,Sona,1,2,8,27.0,
2013LCKWINTER,2013-01-18,KT Rolster B,NaJin Sword,0,Ragan,Irelia,1,4,4,114.0,,KaKAO,Lee Sin,0,3,3,108.0,,Ryu,Kha'Zix,2,5,3,213.0,,Score,Annie,4,5,2,142.0,,Mafa,Jarvan IV,0,5,5,43.0,,MakNooN,Elise,7,3,5,146.0,,Watch,Amumu,2,2,13,111.0,,SSONG,Ryze,6,1,6,207.0,,PraY,Miss Fortune,7,1,12,221.0,,Cain,Taric,0,0,19,7.0,
2013LCKWINTER,2013-01-18,NaJin Sword,KT Rolster B,1,MakNooN,Shen,2,1,12,152.0,,Watch,Nocturne,3,0,5,121.0,,SSONG,Ryze,4,0,3,187.0,,PraY,Ezreal,4,0,9,171.0,,Cain,Taric,1,0,9,15.0,,Ragan,Elise,0,4,0,121.0,,KaKAO,Cho'Gath,1,3,0,83.0,,Ryu,Kha'Zix,0,1,1,204.0,,Score,Miss Fortune,0,2,0,170.0,,Mafa,Sona,0,4,1,13.0,
2013LCKWINTER,2013-01-25,KT Rolster B,Azubu Blaze,1,Ragan,Shen,4,1,9,318.0,,KaKAO,Xin Zhao,5,3,12,149.0,,Ryu,Twisted Fate,7,0,6,396.0,,Score,Miss Fortune,2,0,10,348.0,,Mafa,Lulu,1,2,10,41.0,,Flame,Vladimir,1,5,4,312.0,,Helios (Shin Dong-jin),Nocturne,0,6,3,155.0,,Ambition,Ryze,4,2,0,414.0,,Cpt Jack,Caitlyn,1,2,3,418.0,,Lustboy,Nunu,0,4,3,25.0,
2013LCKWINTER,2013-01-25,Azubu Blaze,KT Rolster B,0,Flame,Olaf,2,2,0,184.0,,Helios (Shin Dong-jin),Dr. Mundo,0,2,2,113.0,,Ambition,Kassadin,0,3,2,183.0,,Cpt Jack,Miss Fortune,0,2,1,230.0,,Lustboy,Sona,1,1,2,30.0,,Ragan,Irelia,3,0,4,184.0,,KaKAO,Xin Zhao,0,1,8,74.0,,Ryu,Gragas,5,1,1,219.0,,Score,Ezreal,2,1,3,192.0,,Mafa,Lulu,0,0,6,13.0,
2013LCKWINTER,2013-01-25,KT Rolster B,Azubu Blaze,1,Ragan,Irelia,3,1,7,152.0,,KaKAO,Lee Sin,4,1,7,103.0,,Ryu,Kha'Zix,6,0,5,196.0,,Score,Miss Fortune,3,1,10,186.0,,Mafa,Lulu,0,1,9,12.0,,Flame,Renekton,2,3,1,181.0,,Helios (Shin Dong-jin),Xin Zhao,0,3,1,94.0,,Ambition,Ryze,1,4,1,194.0,,Cpt Jack,Ezreal,0,2,2,203.0,,Lustboy,Sona,1,4,1,10.0,
2013LCKWINTER,2013-02-02,NaJin Sword,Azubu Frost,1,MakNooN,Renekton,2,1,10,221.0,,Watch,Xin Zhao,4,3,11,91.0,,SSONG,Evelynn,7,1,8,235.0,,PraY,Twitch,8,2,7,237.0,,Cain,Nunu,1,0,15,27.0,,Shy,Irelia,3,4,1,214.0,,CloudTemplar,Amumu,0,6,4,102.0,,RapidStar,Twisted Fate,1,4,4,214.0,,Woong (Jang Gun-woong),Ezreal,3,3,3,187.0,,MadLife,Lulu,0,5,6,22.0,
2013LCKWINTER,2013-02-02,Azubu Frost,NaJin Sword,0,Shy,Irelia,2,9,12,236.0,,CloudTemplar,Shen,0,8,18,289.0,,RapidStar,Ryze,6,8,10,284.0,,Woong (Jang Gun-woong),Ezreal,10,2,7,399.0,,MadLife,Lulu,3,5,15,85.0,,MakNooN,Rumble,5,5,15,244.0,,Watch,Xin Zhao,2,4,18,160.0,,SSONG,Twisted Fate,5,4,20,361.0,,PraY,Twitch,18,4,5,383.0,,Cain,Taric,2,4,22,26.0,
2013LCKWINTER,2013-02-02,NaJin Sword,Azubu Frost,1,MakNooN,Renekton,4,3,13,339.0,,Watch,Xin Zhao,0,2,17,125.0,,SSONG,Evelynn,10,0,10,195.0,,PraY,Twitch,8,1,10,239.0,,Cain,Lulu,2,2,14,33.0,,Shy,Irelia,1,4,5,256.0,,CloudTemplar,Trundle,2,6,4,118.0,,RapidStar,Ryze,3,4,4,223.0,,Woong (Jang Gun-woong),Ezreal,0,7,6,264.0,,MadLife,Alistar,2,3,5,35.0,
